{
  "kind": "collectionType",
  "collectionName": "posts",
  "info": {
    "singularName": "post",
    "pluralName": "posts",
    "displayName": "post",
    "description": ""
  },
  "options": {
    "draftAndPublish": true
  },
  "attributes": {
    "title": {
      "type": "string",
      "required": true
    },
    "author": {
      "type": "string",
      "required": true
    },
    "content": {
      "type": "blocks",
      "required": true
    },
    "snippet": {
      "type": "string",
      "required": true
    },
    "category": {
      "type": "enumeration",
      "enum": [
        "tech",
        "design",
        "sport",
        "food",
        "cars"
      ],
      "required": true
    }
  }
}
